sample_single,1,app_test
sample_single,2,app_test
sample_single,3,app_test
sample_single,4,app_test
sample_single,5,app_test
sample_multiple,1,app_test
sample_multiple,2,app_test
sample_multiple,3,app_test
sample_multiple,4,app_test
sample_multiple,5,app_test
sample_text,1,app_test
sample_text,2,app_test
sample_text,3,app_test
sample_text,4,app_test
sample_text,5,app_test
sample_ox,1,app_test
sample_ox,2,app_test
sample_ox,3,app_test
sample_ox,4,app_test
sample_ox,5,app_test
sample_order,1,app_test
sample_order,2,app_test
sample_order,3,app_test
sample_order,4,app_test
sample_order,5,app_test